<?xml version="1.0" encoding="UTF-8"?>
<beans xmlns="http://www.springframework.org/schema/beans"
       xmlns:xsi="http://www.w3.org/2001/XMLSchema-instance"
       xmlns:security="http://www.springframework.org/schema/security"
       xsi:schemaLocation="http://www.springframework.org/schema/security
            http://www.springframework.org/schema/security/spring-security.xsd
            http://www.springframework.org/schema/beans  http://www.springframework.org/schema/beans/spring-beans.xsd"> 
	
	<!-- <security:http>
		<security:intercept-url pattern = "/sample/all" access = "permitAll"/>
		/sample/member라는 URI는 'ROLE-MEMBER'라는 권한이 있는 사용자만 접근이 가능하다
		<security:intercept-url pattern = "/sample/member" access = "hasRole('ROLE_MEMBER')"/>
		<security:intercept-url pattern = "/sample/admin" access = "hasRole('ROLE_ADMIN')"/>
		<security:access-denied-handler error-page="/accessError"/>
		<security:form-login/>
	</security:http>
	
	<security:http auto-config = "true" use-expressions = "false">
		<security:intercept-url pattern = "/sample/all" access = "permitAll"/>
		<security:intercept-url pattern = "/sample/member" access = "ROLE_MEMBER"/>
	</security:http>
	
	<security:authentication-manager>
		<security:authentication-provider>
			<security:user-service>
			'member'라는 계정 정보를 가진 사용자가 로그인할 수 있도록 함
				<security:user name = "member" password = "{noop}member" authorities = "ROLE_MEMBER"/>
				ROLE_MEMBER, ROLE_ADMIN 2개의 권한을 가지도록 설정
				<security:user name = "admin" password = "{noop}admin" authorities = "ROLE_MEMBER, ROLE_ADMIN"/>
			</security:user-service>
		</security:authentication-provider>
	</security:authentication-manager> -->
</beans>
