<?xml version="1.0" encoding="UTF-8" ?>
<!DOCTYPE mapper
PUBLIC "-//mybatis.org//DTD Mapper 3.0//EN"
"http://mybatis.org/dtd/mybatis-3-mapper.dtd">
<mapper namespace="c">

	<!-- 페이지별 게시글 조회 -->
	<select id = "community_board_list" resultType = "community" parameterType = "java.util.HashMap">
		select * from
          ( select rank() over( order by ref desc, step ) no, b.* 
           from community_board b )
           where no between #{start} and #{end}
	</select>
	
	<select id = "community_board_count" resultType = "int">
		select count(*) from community_board
	</select>
	
	<!-- 새 글 쓰기 -->
	<insert id = "community_insert" parameterType = "community">
		insert into community_board values(
		seq_community_board_idx.nextVal,
		#{writer},
		#{title},
		#{ip},
		#{content},
		sysdate,
		0,
		seq_community_board_idx.currVal,
		0
		)
	</insert>
	
	<!-- 글 하나 조회 -->
	<select id = "community_view" resultType = "community" parameterType = "int">
		select * from community_board where idx=#{idx}
	</select>
	
	<!-- 조회수 증가 -->
	<update id = "update_readhit" parameterType = "int">
		update community_board set readhit = readhit + 1
		WHERE idx= #{idx}
	</update>
	
	<!-- 댓글 입력 -->
	<insert id = "community_comment" parameterType = "comment">
		insert into "COMMENT" values(
				seq_comment_idx.nextVal,
				#{idx},
				#{id},
				#{content},
				sysdate,
				#{ip}
		)
	</insert>
	
	<!-- 조회하는 게시글에 해당하는 댓글 조회  -->
	<select id = "community_comment_count" resultType = "comment" parameterType = "int">
		select * from "COMMENT" where ref=#{idx} order by idx asc
	</select>
	
	<!-- 조회하는 게시글에 댓글이 몇 개 달렸는지 조회  -->
	<select id = "community_comment_sum" resultType = "int" parameterType = "int">
		select count(*) from "COMMENT" where ref = #{idx}
	</select>
	
	<delete id = "community_board_delete" parameterType = "int">
		delete from community_board 
		where idx=#{idx}
	</delete>
	
	<!-- 게시글 수정 -->
	<update id = "community_board_update" parameterType = "community">
		update community_board  
		set writer=#{writer},
			title=#{title},
			content=#{content}
		where idx=#{idx}
	</update>
</mapper>












