<?xml version="1.0" encoding="UTF-8" ?>
<!DOCTYPE mapper
PUBLIC "-//mybatis.org//DTD Mapper 3.0//EN"
"http://mybatis.org/dtd/mybatis-3-mapper.dtd">
<mapper namespace="g">
	<select id = "gaesipan_list" resultType = "gaesipan">
		select * from gaesipan order by idx DESC
	</select>
	
	<select id = "gaesipan_one" resultType = "gaesipan" parameterType = "int">
		select * from gaesipan 
		where idx = #{idx}
	</select>
	
	<insert id = "gaesipan_insert" parameterType = "gaesipan">
		insert into GAESIPAN values(
			seq_gaesipan_idx.nextVal,
			#{name},
			#{subject},
			#{content},
			#{pwd},
			#{ip},
			sysdate,
			0,
			seq_gaesipan_idx.currVal,
			0,
			0
		)
	</insert>
	
	<select id = "gaesipan_comment" resultType = "gaesipan" parameterType = "int">
		select * from gaesipan 
		where ref = #{idx} and step > 0
	</select>
</mapper>












