<?xml version="1.0" encoding="UTF-8" ?>
<!DOCTYPE mapper
PUBLIC "-//mybatis.org//DTD Mapper 3.0//EN"
"http://mybatis.org/dtd/mybatis-3-mapper.dtd">
<mapper namespace="i">

	<!-- 페이지별 게시글 조회 -->
	<select id = "inquiry_board_list" resultType = "inquiry" parameterType = "java.util.HashMap">
		select * from
          ( select rank() over( order by ref desc, step ) no, b.* 
           from inquiry_board b )
           where no between #{start} and #{end}
	</select>
	
	<select id = "inquiry_board_count" resultType = "int">
		select count(*) from inquiry_board
	</select>
	
	<!-- 새 글 쓰기 -->
	<insert id = "inquiry_insert" parameterType = "inquiry">
		insert into inquiry_board values(
		seq_inquiry_board_idx.nextVal,
		#{writer},
		#{title},
		#{content},
		sysdate,
		seq_inquiry_board_idx.currVal,
		0,
		0,
		#{secret_con},
		#{ip},
		#{email_rep_on},
		#{email},
		#{id}
		)
	</insert>
	
	<!-- 글 하나 조회 -->
	<select id = "inquiry_view" resultType = "inquiry" parameterType = "int">
		select * from inquiry_board where idx=#{idx}
	</select>
	
	<update id = "inquiry_board_up_step" parameterType = "inquiry">
		update inquiry_board set step = step + 1
		WHERE ref = #{ref} and step > #{step}
	</update>
	
	<insert id = "inquiry_board_reply" parameterType = "inquiry">
		insert into inquiry_board values(
		seq_inquiry_board_idx.nextVal,
		#{writer},
		#{title},
		#{content},
		sysdate,
		#{ref},
		#{step},
		#{depth},
		#{secret_con},
		#{ip},
		null,
		null,
		null
		)
	</insert>
	
	<delete id = "inquiry_board_delete" parameterType = "int">
		delete from inquiry_board 
		where ref=#{idx}
	</delete>
</mapper>












