<?xml version="1.0" encoding="UTF-8" ?>
<!DOCTYPE mapper
PUBLIC "-//mybatis.org//DTD Mapper 3.0//EN"
"http://mybatis.org/dtd/mybatis-3-mapper.dtd">
<mapper namespace="m">
	
	<insert id ="member_insert" parameterType="member">
			insert into movie_member values(
			seq_movie_member_idx.nextval,
			#{name},
			#{pwd},
			#{cell},
			#{mail},
			#{nickname},
			#{addr},
			#{birth_date},
			#{id},
			0
		)
	</insert>
	
	<select id="member_one" resultType = "member" parameterType="String">
		select * from movie_member
		where id = #{id}
	</select>
	
	<select id = "member_login" resultType="member" parameterType="java.util.HashMap">
		select * from movie_member
		where id = #{id} and pwd = #{pwd}
	</select>
	
	<select id = "member_outer_login" resultType = "member" parameterType = "member">
		select * from movie_member
		where name = #{name} and  id = #{id} and cell = #{cell} 
		  and mail = #{mail} and  birth_date = #{birth_date}
	</select>
	
	<insert id ="member_outer_insert" parameterType="member">
			insert into movie_member values(
			seq_movie_member_idx.nextval,
			#{name},
			null,
			#{cell},
			#{mail},
			#{nickname},
			null,
			#{birth_date},
			#{id},
			1
		)
	</insert>
	
	<select id = "member_myinquiry" resultType = "inquiry" parameterType = "java.util.HashMap">
		select * from inquiry_board 
		where id=#{id}
		<!-- and idx between #{start} and #{end} -->
	</select>
	
	<select id = "myinquiry_count" resultType = "int">
		select count(*) from inquiry_board
		where id=#{id}
	</select>
</mapper>












