<?xml version="1.0" encoding="UTF-8" ?>
<!DOCTYPE mapper
PUBLIC "-//mybatis.org//DTD Mapper 3.0//EN"
"http://mybatis.org/dtd/mybatis-3-mapper.dtd">
<mapper namespace="s">
	<!-- mapper : DB에 쿼리문을 요청하고 결과를 돌려받는 속성파일 -->

	<!-- 전체 게시글 조회 -->
	<select id="screening_board_list" resultType="screening" parameterType = "java.util.HashMap">
		select * from screening_board 
		where idx between #{start} and #{end}
		
	</select>
	
	<!-- idx에 해당하는 게시글 한 건 조회 -->
	<select id="screening_board_one" resultType="screening" parameterType="int">
		select * from screening_board where idx=#{idx}
	</select>

	<!-- 게시글 검색 -->
	<select id="screening_board_list_search" resultType="screening"
		parameterType="String">
		select * from screening_board where screeningTitle like '%' || #{screeningTitle} || '%'
	</select>

	<!-- 게시물 전체 수 -->
	<select id="screening_board_count" resultType="int">
		select count(*) from
		screening_board
	</select>
	
	<!-- 검색된 게시물 수 -->
	<select id="screening_board_search_count" resultType="int" parameterType="String">
		select count(*) from screening_board
		where screeningTitle like '%' || #{screeningTitle} || '%'
	</select>
</mapper>












