<?xml version="1.0" encoding="UTF-8"?>
<beans xmlns="http://www.springframework.org/schema/beans"
    xmlns:xsi="http://www.w3.org/2001/XMLSchema-instance"
    xmlns:security="http://www.springframework.org/schema/security"
    xsi:schemaLocation="http://www.springframework.org/schema/beans http://www.springframework.org/schema/beans/spring-beans-3.1.xsd
                http://www.springframework.org/schema/security http://www.springframework.org/schema/security/spring-security-3.1.xsd">
	
	  <security:http auto-config='true' use-expressions="false">
		<security:intercept-url pattern = "/mainpage/mainpage" access = "ROLE_USER"/>
		<security:intercept-url pattern = "/inquiryboard/inquiry_board_list" 
		access = "ROLE_MEMBER"/>
		<security:access-denied-handler error-page="/accessError.do"/>
		
		<security:form-login/> 
    </security:http>

    <security:authentication-manager>
        <security:authentication-provider>
            <security:user-service>
                <security:user name="member" password="member" authorities="ROLE_USER"/>    
            </security:user-service>
        </security:authentication-provider>
    </security:authentication-manager>
	
	<!-- <security:http>
		<security:intercept-url pattern = "/mainpage/mainpage" access = "permitAll"/>
		
		<security:form-login/>
	</security:http>
	
	
	 <security:authentication-manager>
		<security:authentication-provider>
			<security:user-service>
				<security:user name = "member" password = "{noop}member" authorities = "ROLE_MEMBER"/>
			</security:user-service>
		</security:authentication-provider>
	</security:authentication-manager> -->
	
</beans>
