<?xml version="1.0" encoding="UTF-8"?>
<!DOCTYPE configuration PUBLIC "-//mybatis.org//DTD Config 3.0//EN" "HTTP://mybatis.org/dtd/mybatis-3-config.dtd">

<configuration>
	<settings>
		<setting name="cacheEnabled" value="false" />
		<setting name="useGeneratedKeys" value="true" />
		<setting name="defaultExecutorType" value="REUSE" />
	</settings>
	
	<typeAliases>
		<typeAlias type="vo.GaesipanVO" alias="gaesipan"/>
		<typeAlias type="vo.InquiryVO" alias="inquiry"/>
		<typeAlias type="vo.CommunityVO" alias="community"/>
		<typeAlias type="vo.MemberVO" alias="member"/>
		<typeAlias type="vo.CommentVO" alias="comment"/>
		<typeAlias type="vo.ScreeningVO" alias="screening"/>
		<typeAlias type="vo.PrefestivalVO" alias="prefestival"/>
	</typeAliases>
	
	<mappers>
		<mapper resource="config/mybatis/mapper/gaesipan.xml" /> 
		<mapper resource="config/mybatis/mapper/inquiry_board.xml" />
		<mapper resource="config/mybatis/mapper/community_board.xml" />
		<mapper resource="config/mybatis/mapper/member.xml" /> 
		<mapper resource="config/mybatis/mapper/screening_board.xml" />
		<mapper resource="config/mybatis/mapper/pre_festival.xml" />										
	</mappers>
</configuration>